INSERT INTO auth.users (instance_id, id, aud, role, email, encrypted_password, email_confirmed_at, invited_at, confirmation_token, confirmation_sent_at, recovery_token, recovery_sent_at, email_change_token_new, email_change, email_change_sent_at, last_sign_in_at, raw_app_meta_data, raw_user_meta_data, is_super_admin, created_at, updated_at, phone, phone_confirmed_at, phone_change, phone_change_token, phone_change_sent_at, email_change_token_current, email_change_confirm_status, banned_until, reauthentication_token, reauthentication_sent_at, is_sso_user, deleted_at, is_anonymous) VALUES ('00000000-0000-0000-0000-000000000000', 'd3583adc-7cee-4487-be00-b309697ee24d', 'authenticated', 'authenticated', 'test@abcd.com', '$2a$10$Pp58W5zOfmad6KYsT7RpQO4ZhPv.FYPR5oa8g1UYACc.v463QRYu2', '2026-02-15 12:22:10.061534+00', NULL, '', NULL, '', NULL, '', '', NULL, '2026-02-15 12:22:10.069621+00', '{"provider": "email", "providers": ["email"]}', '{"sub": "d3583adc-7cee-4487-be00-b309697ee24d", "email": "test@abcd.com", "username": "testuser", "display_name": "testuser", "email_verified": true, "phone_verified": false}', NULL, '2026-02-15 12:22:10.055025+00', '2026-02-15 12:22:10.071408+00', NULL, NULL, '', '', NULL, '', 0, NULL, '', NULL, false, NULL, false) ON CONFLICT (id) DO NOTHING;
INSERT INTO auth.users (instance_id, id, aud, role, email, encrypted_password, email_confirmed_at, invited_at, confirmation_token, confirmation_sent_at, recovery_token, recovery_sent_at, email_change_token_new, email_change, email_change_sent_at, last_sign_in_at, raw_app_meta_data, raw_user_meta_data, is_super_admin, created_at, updated_at, phone, phone_confirmed_at, phone_change, phone_change_token, phone_change_sent_at, email_change_token_current, email_change_confirm_status, banned_until, reauthentication_token, reauthentication_sent_at, is_sso_user, deleted_at, is_anonymous) VALUES ('00000000-0000-0000-0000-000000000000', 'ab2881b3-1949-48a0-81b8-8918376705d9', 'authenticated', 'authenticated', 'test@abc.com', '$2a$10$5P7BwREWgBqVrnX.H10vtu.39vCSs6C.3fZZAwODh4xeuRacCbzuW', '2026-02-15 09:33:57.126299+00', NULL, '', NULL, '', NULL, '', '', NULL, '2026-02-15 12:22:25.490722+00', '{"provider": "email", "providers": ["email"]}', '{"sub": "ab2881b3-1949-48a0-81b8-8918376705d9", "email": "test@abc.com", "username": "danish", "display_name": "danish", "email_verified": true, "phone_verified": false}', NULL, '2026-02-15 09:33:57.110829+00', '2026-02-15 12:22:25.49248+00', NULL, NULL, '', '', NULL, '', 0, NULL, '', NULL, false, NULL, false) ON CONFLICT (id) DO NOTHING;
INSERT INTO public.brands (id, name, slug, url, image_url) VALUES ('0d4cd2b6-1ccc-4b2f-8375-25aa1c40e408', 'Apple', 'apple', NULL, NULL) ON CONFLICT (id) DO NOTHING;
INSERT INTO public.brands (id, name, slug, url, image_url) VALUES ('66cc16fa-8b59-4be9-ab35-1bb32dcd8695', 'Kinesis', 'kinesis', NULL, NULL) ON CONFLICT (id) DO NOTHING;
INSERT INTO public.brands (id, name, slug, url, image_url) VALUES ('78cf99af-0c7e-48b7-97f6-22b864a22586', 'Kensington', 'kensington', NULL, NULL) ON CONFLICT (id) DO NOTHING;
INSERT INTO public.brands (id, name, slug, url, image_url) VALUES ('1560288c-eef2-464d-aa50-63982019bbc5', 'Yonex', 'yonex', NULL, NULL) ON CONFLICT (id) DO NOTHING;
INSERT INTO public.brands (id, name, slug, url, image_url) VALUES ('65af4976-e3c6-4e83-9989-edaf03a5893d', 'Bose', 'bose', NULL, NULL) ON CONFLICT (id) DO NOTHING;
INSERT INTO public.brands (id, name, slug, url, image_url) VALUES ('9419b5ae-c83f-44ab-9715-026dd9c4088f', 'Luna', 'luna', NULL, NULL) ON CONFLICT (id) DO NOTHING;
INSERT INTO public.brands (id, name, slug, url, image_url) VALUES ('c52d0484-769b-41d8-a8d3-ab84051eca84', 'Vibram', 'vibram', NULL, NULL) ON CONFLICT (id) DO NOTHING;
INSERT INTO public.brands (id, name, slug, url, image_url) VALUES ('78f8b5de-158f-4850-961e-9d0fa910e52a', 'Nalgene', 'nalgene', NULL, NULL) ON CONFLICT (id) DO NOTHING;
INSERT INTO public.brands (id, name, slug, url, image_url) VALUES ('22186ca9-8edb-43d2-8bab-c2ea830a651b', 'Patagonia', 'patagonia', NULL, NULL) ON CONFLICT (id) DO NOTHING;
INSERT INTO public.brands (id, name, slug, url, image_url) VALUES ('7317d57e-b9d1-443a-a5e1-9e299ed57ee5', 'Peak Design', 'peak-design', NULL, NULL) ON CONFLICT (id) DO NOTHING;
INSERT INTO public.brands (id, name, slug, url, image_url) VALUES ('9d53f916-c17d-4e32-933b-0681434a85e9', 'Onitsuka Tiger', 'onitsuka-tiger', NULL, NULL) ON CONFLICT (id) DO NOTHING;
INSERT INTO public.brands (id, name, slug, url, image_url) VALUES ('8bd25457-f143-47c0-ad65-a8ceb1ac6d87', 'Phillips', 'phillips', NULL, NULL) ON CONFLICT (id) DO NOTHING;
INSERT INTO public.brands (id, name, slug, url, image_url) VALUES ('e99abd3d-0f3f-4dc0-9af3-dda6848e24f9', 'Thule', 'thule', NULL, NULL) ON CONFLICT (id) DO NOTHING;
INSERT INTO public.brands (id, name, slug, url, image_url) VALUES ('f25bc144-ab03-41b0-92a5-ab2f55fc4ff8', 'Amazon', 'amazon', NULL, NULL) ON CONFLICT (id) DO NOTHING;
INSERT INTO public.brands (id, name, slug, url, image_url) VALUES ('8a218210-0d7c-4ff8-a81a-0d80ecaa2454', 'Herman Miller', 'herman-miller', NULL, NULL) ON CONFLICT (id) DO NOTHING;
INSERT INTO public.brands (id, name, slug, url, image_url) VALUES ('c30f4c08-724c-4413-bc67-8c63d1e1cad7', 'Fujifilm', 'fujifilm', NULL, NULL) ON CONFLICT (id) DO NOTHING;
INSERT INTO public.brands (id, name, slug, url, image_url) VALUES ('e55d47b0-eb7b-4941-9d26-559c08ce8f25', 'Babolat', 'babolat', NULL, NULL) ON CONFLICT (id) DO NOTHING;
INSERT INTO public.brands (id, name, slug, url, image_url) VALUES ('12c58bc9-4c40-4e8f-a315-f0b9339e259b', 'Bellroy', 'bellroy', NULL, NULL) ON CONFLICT (id) DO NOTHING;
INSERT INTO public.brands (id, name, slug, url, image_url) VALUES ('8790872c-3b58-4500-8d3b-73f091852ff2', 'Zojirushi', 'zojirushi', NULL, NULL) ON CONFLICT (id) DO NOTHING;
INSERT INTO public.brands (id, name, slug, url, image_url) VALUES ('1b2b2803-1470-4f71-a992-617a507d4fa6', 'Momax', 'momax', NULL, NULL) ON CONFLICT (id) DO NOTHING;
INSERT INTO public.brands (id, name, slug, url, image_url) VALUES ('f36f54c0-f4ca-4eb8-9f29-06b1f34ef621', 'Rollingsquare', 'rollingsquare', NULL, NULL) ON CONFLICT (id) DO NOTHING;
INSERT INTO public.products (id, name, product_url, category, description, default_price, custom_fields, is_active, created_at, image_url, brand_id, updated_at, color) VALUES ('c0a9389a-82cc-4fe8-9190-d708341a8cf2', 'Iphone 13 Mini', NULL, NULL, NULL, NULL, NULL, true, '2026-02-15 09:30:40.070845+00', 'http://127.0.0.1:54321/storage/v1/object/public/product_images/iphone-13-mini.png', '0d4cd2b6-1ccc-4b2f-8375-25aa1c40e408', '2026-02-15 09:30:40.070845+00', NULL) ON CONFLICT (id) DO NOTHING;
INSERT INTO public.products (id, name, product_url, category, description, default_price, custom_fields, is_active, created_at, image_url, brand_id, updated_at, color) VALUES ('2a4d9264-a4ba-4fe6-8d96-7597e6b7a509', 'Advantage2', NULL, NULL, NULL, NULL, NULL, true, '2026-02-15 09:30:46.701826+00', 'http://127.0.0.1:54321/storage/v1/object/public/product_images/advantage2.png', '66cc16fa-8b59-4be9-ab35-1bb32dcd8695', '2026-02-15 09:30:46.701826+00', NULL) ON CONFLICT (id) DO NOTHING;
INSERT INTO public.products (id, name, product_url, category, description, default_price, custom_fields, is_active, created_at, image_url, brand_id, updated_at, color) VALUES ('7b4b73af-6835-44a3-bd1d-fbe8c4063538', 'Expert Wireless Trackball', NULL, NULL, NULL, NULL, NULL, true, '2026-02-15 09:31:00.146894+00', 'http://127.0.0.1:54321/storage/v1/object/public/product_images/expert-wireless-trackball.png', '78cf99af-0c7e-48b7-97f6-22b864a22586', '2026-02-15 09:31:00.146894+00', NULL) ON CONFLICT (id) DO NOTHING;
INSERT INTO public.products (id, name, product_url, category, description, default_price, custom_fields, is_active, created_at, image_url, brand_id, updated_at, color) VALUES ('7fbbb536-c2a8-4341-ac0f-76402323615c', '100zz', NULL, NULL, NULL, NULL, NULL, true, '2026-02-15 09:31:11.984976+00', 'http://127.0.0.1:54321/storage/v1/object/public/product_images/100zz.png', '1560288c-eef2-464d-aa50-63982019bbc5', '2026-02-15 09:31:11.984976+00', 'Blue') ON CONFLICT (id) DO NOTHING;
INSERT INTO public.products (id, name, product_url, category, description, default_price, custom_fields, is_active, created_at, image_url, brand_id, updated_at, color) VALUES ('abe4b9d6-4934-49d3-a6d6-658557202f69', 'Soundlink Mini Ii', NULL, NULL, NULL, NULL, NULL, true, '2026-02-15 09:31:18.634208+00', 'http://127.0.0.1:54321/storage/v1/object/public/product_images/soundlink-mini-ii.png', '65af4976-e3c6-4e83-9989-edaf03a5893d', '2026-02-15 09:31:18.634208+00', 'Black') ON CONFLICT (id) DO NOTHING;
INSERT INTO public.products (id, name, product_url, category, description, default_price, custom_fields, is_active, created_at, image_url, brand_id, updated_at, color) VALUES ('2b7e7a9a-49cc-4f80-ba73-1b84335485c9', 'Quitecomfort Ii', NULL, NULL, NULL, NULL, NULL, true, '2026-02-15 09:31:24.912545+00', 'http://127.0.0.1:54321/storage/v1/object/public/product_images/quitecomfort-ii.png', '65af4976-e3c6-4e83-9989-edaf03a5893d', '2026-02-15 09:31:24.912545+00', 'Silver') ON CONFLICT (id) DO NOTHING;
INSERT INTO public.products (id, name, product_url, category, description, default_price, custom_fields, is_active, created_at, image_url, brand_id, updated_at, color) VALUES ('6b04162d-8bda-4c82-83a3-fe586ebfe926', 'Mono Winged', NULL, NULL, NULL, NULL, NULL, true, '2026-02-15 09:31:33.409124+00', 'http://127.0.0.1:54321/storage/v1/object/public/product_images/mono-winged.png', '9419b5ae-c83f-44ab-9715-026dd9c4088f', '2026-02-15 09:31:33.409124+00', NULL) ON CONFLICT (id) DO NOTHING;
INSERT INTO public.products (id, name, product_url, category, description, default_price, custom_fields, is_active, created_at, image_url, brand_id, updated_at, color) VALUES ('6b247312-dd6c-4bd7-897c-a8da554bfa67', 'Kso Evo', NULL, NULL, NULL, NULL, NULL, true, '2026-02-15 09:31:40.565959+00', 'http://127.0.0.1:54321/storage/v1/object/public/product_images/kso-evo.png', 'c52d0484-769b-41d8-a8d3-ab84051eca84', '2026-02-15 09:31:40.565959+00', NULL) ON CONFLICT (id) DO NOTHING;
INSERT INTO public.products (id, name, product_url, category, description, default_price, custom_fields, is_active, created_at, image_url, brand_id, updated_at, color) VALUES ('45c8c4ef-05fb-4719-9644-89efddc081ba', 'Quietcomfort Ii Headphones', NULL, NULL, NULL, NULL, NULL, true, '2026-02-15 12:11:45.992464+00', 'http://127.0.0.1:54321/storage/v1/object/public/product_images/quietcomfort-ii-headphones.png', '65af4976-e3c6-4e83-9989-edaf03a5893d', '2026-02-15 12:11:45.992464+00', 'Silver') ON CONFLICT (id) DO NOTHING;
INSERT INTO public.products (id, name, product_url, category, description, default_price, custom_fields, is_active, created_at, image_url, brand_id, updated_at, color) VALUES ('84a946a6-4763-42c1-afad-dda7d028faff', 'Storm Racer', NULL, NULL, NULL, NULL, NULL, true, '2026-02-15 12:11:53.26755+00', 'http://127.0.0.1:54321/storage/v1/object/public/product_images/storm-racer.png', '22186ca9-8edb-43d2-8bab-c2ea830a651b', '2026-02-15 12:11:53.26755+00', 'Black') ON CONFLICT (id) DO NOTHING;
INSERT INTO public.products (id, name, product_url, category, description, default_price, custom_fields, is_active, created_at, image_url, brand_id, updated_at, color) VALUES ('d15a75ec-2a46-4851-9da9-f1ee795eafdf', 'Houdini', NULL, NULL, NULL, NULL, NULL, true, '2026-02-15 12:12:00.218669+00', 'http://127.0.0.1:54321/storage/v1/object/public/product_images/houdini.png', '22186ca9-8edb-43d2-8bab-c2ea830a651b', '2026-02-15 12:12:00.218669+00', NULL) ON CONFLICT (id) DO NOTHING;
INSERT INTO public.products (id, name, product_url, category, description, default_price, custom_fields, is_active, created_at, image_url, brand_id, updated_at, color) VALUES ('546e5d0e-3df4-4789-b46c-b24802955745', 'Mexico 66 All', NULL, NULL, NULL, NULL, NULL, true, '2026-02-15 12:12:24.843841+00', 'http://127.0.0.1:54321/storage/v1/object/public/product_images/mexico-66-all.png', '9d53f916-c17d-4e32-933b-0681434a85e9', '2026-02-15 12:12:24.843841+00', 'Black') ON CONFLICT (id) DO NOTHING;
INSERT INTO public.products (id, name, product_url, category, description, default_price, custom_fields, is_active, created_at, image_url, brand_id, updated_at, color) VALUES ('a6623abd-711d-4ae2-9ddb-ca925507aafe', 'Protectiveclean 4300', NULL, NULL, NULL, NULL, NULL, true, '2026-02-15 12:12:32.908267+00', 'http://127.0.0.1:54321/storage/v1/object/public/product_images/protectiveclean-4300.png', '8bd25457-f143-47c0-ad65-a8ceb1ac6d87', '2026-02-15 12:12:32.908267+00', NULL) ON CONFLICT (id) DO NOTHING;
INSERT INTO public.products (id, name, product_url, category, description, default_price, custom_fields, is_active, created_at, image_url, brand_id, updated_at, color) VALUES ('8bb0fe30-3b38-4436-b46d-c2e657a65b78', 'Accent 23l', NULL, NULL, NULL, NULL, NULL, true, '2026-02-15 12:12:39.117304+00', 'http://127.0.0.1:54321/storage/v1/object/public/product_images/accent-23l.png', 'e99abd3d-0f3f-4dc0-9af3-dda6848e24f9', '2026-02-15 12:12:39.117304+00', NULL) ON CONFLICT (id) DO NOTHING;
INSERT INTO public.products (id, name, product_url, category, description, default_price, custom_fields, is_active, created_at, image_url, brand_id, updated_at, color) VALUES ('491bafa9-c8bd-4e61-9de8-0a3438da6ab8', 'Kindle Paperwhite 6th Gen', NULL, NULL, NULL, NULL, NULL, true, '2026-02-15 12:12:45.090689+00', 'http://127.0.0.1:54321/storage/v1/object/public/product_images/kindle-paperwhite-6th-gen.png', 'f25bc144-ab03-41b0-92a5-ab2f55fc4ff8', '2026-02-15 12:12:45.090689+00', NULL) ON CONFLICT (id) DO NOTHING;
INSERT INTO public.products (id, name, product_url, category, description, default_price, custom_fields, is_active, created_at, image_url, brand_id, updated_at, color) VALUES ('663a8ca5-6fc2-4225-a581-c37729adc547', 'Aeron', NULL, NULL, NULL, NULL, NULL, true, '2026-02-15 12:12:50.687146+00', 'http://127.0.0.1:54321/storage/v1/object/public/product_images/aeron.png', '8a218210-0d7c-4ff8-a81a-0d80ecaa2454', '2026-02-15 12:12:50.687146+00', NULL) ON CONFLICT (id) DO NOTHING;
INSERT INTO public.products (id, name, product_url, category, description, default_price, custom_fields, is_active, created_at, image_url, brand_id, updated_at, color) VALUES ('9ad07601-aa76-4588-922b-6c063913ef3e', 'X100f', NULL, NULL, NULL, NULL, NULL, true, '2026-02-15 12:12:57.033803+00', 'http://127.0.0.1:54321/storage/v1/object/public/product_images/x100f.png', 'c30f4c08-724c-4413-bc67-8c63d1e1cad7', '2026-02-15 12:12:57.033803+00', NULL) ON CONFLICT (id) DO NOTHING;
INSERT INTO public.products (id, name, product_url, category, description, default_price, custom_fields, is_active, created_at, image_url, brand_id, updated_at, color) VALUES ('c0d510e5-8ac6-4056-9c66-6a865a48e8d3', 'Shadow Spirit Cherry', NULL, NULL, NULL, NULL, NULL, true, '2026-02-15 12:13:03.661145+00', 'http://127.0.0.1:54321/storage/v1/object/public/product_images/shadow-spirit-cherry.png', 'e55d47b0-eb7b-4941-9d26-559c08ce8f25', '2026-02-15 12:13:03.661145+00', NULL) ON CONFLICT (id) DO NOTHING;
INSERT INTO public.products (id, name, product_url, category, description, default_price, custom_fields, is_active, created_at, image_url, brand_id, updated_at, color) VALUES ('d23ec1e6-d941-49a5-80b3-1e9c90850615', 'Card Sleeve Second Edition Hazelnut', NULL, NULL, NULL, NULL, NULL, true, '2026-02-15 12:13:11.089534+00', 'http://127.0.0.1:54321/storage/v1/object/public/product_images/card-sleeve-second-edition-hazelnut.png', '12c58bc9-4c40-4e8f-a315-f0b9339e259b', '2026-02-15 12:13:11.089534+00', NULL) ON CONFLICT (id) DO NOTHING;
INSERT INTO public.products (id, name, product_url, category, description, default_price, custom_fields, is_active, created_at, image_url, brand_id, updated_at, color) VALUES ('c2d1ef8b-b0a9-4b97-8dd9-8b4fdd464d18', 'Watch Ultra 2 Natural Titanium', NULL, NULL, NULL, NULL, NULL, true, '2026-02-15 12:13:34.028402+00', 'http://127.0.0.1:54321/storage/v1/object/public/product_images/watch-ultra-2-natural-titanium.png', '0d4cd2b6-1ccc-4b2f-8375-25aa1c40e408', '2026-02-15 12:13:34.028402+00', NULL) ON CONFLICT (id) DO NOTHING;
INSERT INTO public.products (id, name, product_url, category, description, default_price, custom_fields, is_active, created_at, image_url, brand_id, updated_at, color) VALUES ('feff2d6f-4d35-4822-af9f-572d7526c422', 'Vacuum Carry Tumbler Sx-ka30-hm (forest ) 300ml', NULL, NULL, NULL, NULL, NULL, true, '2026-02-15 12:13:40.083411+00', 'http://127.0.0.1:54321/storage/v1/object/public/product_images/vacuum-carry-tumbler-sx-ka30-hm-forest-300ml.png', '8790872c-3b58-4500-8d3b-73f091852ff2', '2026-02-15 12:13:40.083411+00', 'Gray') ON CONFLICT (id) DO NOTHING;
INSERT INTO public.products (id, name, product_url, category, description, default_price, custom_fields, is_active, created_at, image_url, brand_id, updated_at, color) VALUES ('cffef57c-10c1-4f95-9d67-58e31bb5ec46', '100w Universal Adapter Gan', NULL, NULL, NULL, NULL, NULL, true, '2026-02-15 12:13:46.965726+00', 'http://127.0.0.1:54321/storage/v1/object/public/product_images/100w-universal-adapter-gan.png', '1b2b2803-1470-4f71-a992-617a507d4fa6', '2026-02-15 12:13:46.965726+00', NULL) ON CONFLICT (id) DO NOTHING;
INSERT INTO public.products (id, name, product_url, category, description, default_price, custom_fields, is_active, created_at, image_url, brand_id, updated_at, color) VALUES ('e72047e9-af57-48c4-a600-5f6823453de4', 'Incharge Xl 6in1 Travel Cable', NULL, NULL, NULL, NULL, NULL, true, '2026-02-15 12:13:53.933137+00', 'http://127.0.0.1:54321/storage/v1/object/public/product_images/incharge-xl-6in1-travel-cable.png', 'f36f54c0-f4ca-4eb8-9f29-06b1f34ef621', '2026-02-15 12:13:53.933137+00', NULL) ON CONFLICT (id) DO NOTHING;
INSERT INTO public.products (id, name, product_url, category, description, default_price, custom_fields, is_active, created_at, image_url, brand_id, updated_at, color) VALUES ('e3c156a1-5ad0-49ca-8072-43112d49e634', 'Camera Leash Tokyo Edition', NULL, NULL, NULL, NULL, NULL, true, '2026-02-15 12:14:01.107211+00', 'http://127.0.0.1:54321/storage/v1/object/public/product_images/camera-leash-tokyo-edition.png', '7317d57e-b9d1-443a-a5e1-9e299ed57ee5', '2026-02-15 12:14:01.107211+00', 'Black') ON CONFLICT (id) DO NOTHING;
INSERT INTO public.products (id, name, product_url, category, description, default_price, custom_fields, is_active, created_at, image_url, brand_id, updated_at, color) VALUES ('752dd494-b21c-4d74-a6d2-fdb8dfffd51d', 'Small Wash Pouch', NULL, NULL, NULL, NULL, NULL, true, '2026-02-15 12:12:04.946929+00', 'http://127.0.0.1:54321/storage/v1/object/public/product_images/small-wash-pouch.png', '7317d57e-b9d1-443a-a5e1-9e299ed57ee5', '2026-02-15 12:12:04.946929+00', NULL) ON CONFLICT (id) DO NOTHING;
INSERT INTO public.products (id, name, product_url, category, description, default_price, custom_fields, is_active, created_at, image_url, brand_id, updated_at, color) VALUES ('b2acdaaa-a693-417b-97b5-7c5bfd1a603f', 'Tech Pouch', NULL, NULL, NULL, NULL, NULL, true, '2026-02-15 12:12:09.390193+00', 'http://127.0.0.1:54321/storage/v1/object/public/product_images/tech-pouch.png', '7317d57e-b9d1-443a-a5e1-9e299ed57ee5', '2026-02-15 12:12:09.390193+00', NULL) ON CONFLICT (id) DO NOTHING;
INSERT INTO public.profiles (id, username, display_name, bio, avatar_url, created_at, role) VALUES ('ab2881b3-1949-48a0-81b8-8918376705d9', 'danish', 'danish', NULL, NULL, '2026-02-15 09:47:10.816408+00', 'user') ON CONFLICT (id) DO UPDATE SET username = EXCLUDED.username, display_name = EXCLUDED.display_name, role = EXCLUDED.role;
INSERT INTO public.inventory (id, user_id, name, brand_id, source_url, description, acquisition_type, reason, quantity, price, currency, category, custom_fields, is_public, acquired_at, created_at, updated_at, image_url, product_id, user_product_id) VALUES ('835b975e-96c2-4285-a9e2-431cd6a1ec18', 'ab2881b3-1949-48a0-81b8-8918376705d9', 'Iphone 13 Mini', '0d4cd2b6-1ccc-4b2f-8375-25aa1c40e408', NULL, NULL, 'Purchased', NULL, 1, NULL, 'USD', NULL, NULL, true, '2026-02-15 00:00:00+00', '2026-02-15 09:34:11.922804+00', '2026-02-15 09:34:11.922804+00', 'http://127.0.0.1:54321/storage/v1/object/public/product_images/iphone-13-mini.png', NULL, NULL) ON CONFLICT (id) DO NOTHING;
INSERT INTO public.inventory (id, user_id, name, brand_id, source_url, description, acquisition_type, reason, quantity, price, currency, category, custom_fields, is_public, acquired_at, created_at, updated_at, image_url, product_id, user_product_id) VALUES ('0b10d94c-3a8e-476b-aefd-6d96f00ee621', 'ab2881b3-1949-48a0-81b8-8918376705d9', 'Expert Wireless Trackball', '78cf99af-0c7e-48b7-97f6-22b864a22586', NULL, NULL, 'Purchased', NULL, 1, NULL, 'USD', NULL, NULL, true, '2026-02-15 00:00:00+00', '2026-02-15 09:34:51.687517+00', '2026-02-15 09:34:51.687517+00', 'http://127.0.0.1:54321/storage/v1/object/public/product_images/expert-wireless-trackball.png', NULL, NULL) ON CONFLICT (id) DO NOTHING;
INSERT INTO public.inventory (id, user_id, name, brand_id, source_url, description, acquisition_type, reason, quantity, price, currency, category, custom_fields, is_public, acquired_at, created_at, updated_at, image_url, product_id, user_product_id) VALUES ('ba742008-f282-4a55-a1af-e9cf634b0a42', 'ab2881b3-1949-48a0-81b8-8918376705d9', 'Soundlink Mini Ii', '65af4976-e3c6-4e83-9989-edaf03a5893d', NULL, NULL, 'Purchased', NULL, 1, NULL, 'USD', NULL, NULL, true, '2026-02-15 00:00:00+00', '2026-02-15 09:35:32.940719+00', '2026-02-15 09:35:32.940719+00', 'http://127.0.0.1:54321/storage/v1/object/public/product_images/soundlink-mini-ii.png', NULL, NULL) ON CONFLICT (id) DO NOTHING;
INSERT INTO public.inventory (id, user_id, name, brand_id, source_url, description, acquisition_type, reason, quantity, price, currency, category, custom_fields, is_public, acquired_at, created_at, updated_at, image_url, product_id, user_product_id) VALUES ('175ebff0-cda3-48ec-b1ea-c27e7cb8eed6', 'ab2881b3-1949-48a0-81b8-8918376705d9', 'Quitecomfort Ii', '65af4976-e3c6-4e83-9989-edaf03a5893d', NULL, NULL, 'Purchased', NULL, 1, NULL, 'USD', NULL, NULL, true, '2026-02-15 00:00:00+00', '2026-02-15 09:35:43.164942+00', '2026-02-15 09:35:43.164942+00', 'http://127.0.0.1:54321/storage/v1/object/public/product_images/quitecomfort-ii.png', NULL, NULL) ON CONFLICT (id) DO NOTHING;
INSERT INTO public.inventory (id, user_id, name, brand_id, source_url, description, acquisition_type, reason, quantity, price, currency, category, custom_fields, is_public, acquired_at, created_at, updated_at, image_url, product_id, user_product_id) VALUES ('840b7b28-15ca-4022-863a-57f958d48266', 'ab2881b3-1949-48a0-81b8-8918376705d9', 'Mono Winged', '9419b5ae-c83f-44ab-9715-026dd9c4088f', NULL, NULL, 'Purchased', NULL, 1, NULL, 'USD', NULL, NULL, true, '2026-02-15 00:00:00+00', '2026-02-15 09:35:50.570875+00', '2026-02-15 09:35:50.570875+00', 'http://127.0.0.1:54321/storage/v1/object/public/product_images/mono-winged.png', NULL, NULL) ON CONFLICT (id) DO NOTHING;
INSERT INTO public.inventory (id, user_id, name, brand_id, source_url, description, acquisition_type, reason, quantity, price, currency, category, custom_fields, is_public, acquired_at, created_at, updated_at, image_url, product_id, user_product_id) VALUES ('e991b429-ddd4-482e-9497-90f8e8cd04a9', 'ab2881b3-1949-48a0-81b8-8918376705d9', 'Advantage2', '66cc16fa-8b59-4be9-ab35-1bb32dcd8695', NULL, NULL, 'Purchased', NULL, 1, 30000.00, 'USD', NULL, NULL, true, '2026-02-15 00:00:00+00', '2026-02-15 09:34:44.932404+00', '2026-02-15 11:47:56.367+00', 'http://127.0.0.1:54321/storage/v1/object/public/product_images/advantage2.png', NULL, NULL) ON CONFLICT (id) DO NOTHING;
INSERT INTO public.inventory (id, user_id, name, brand_id, source_url, description, acquisition_type, reason, quantity, price, currency, category, custom_fields, is_public, acquired_at, created_at, updated_at, image_url, product_id, user_product_id) VALUES ('b84e2479-e52b-4739-bde6-f3a4ea8cc629', 'ab2881b3-1949-48a0-81b8-8918376705d9', 'KSO EVO', 'c52d0484-769b-41d8-a8d3-ab84051eca84', NULL, NULL, 'Purchased', NULL, 1, NULL, 'USD', NULL, NULL, true, '2026-02-15 00:00:00+00', '2026-02-15 09:35:55.292613+00', '2026-02-15 11:49:08.636+00', 'http://127.0.0.1:54321/storage/v1/object/public/product_images/kso-evo.png', NULL, NULL) ON CONFLICT (id) DO NOTHING;
INSERT INTO public.inventory (id, user_id, name, brand_id, source_url, description, acquisition_type, reason, quantity, price, currency, category, custom_fields, is_public, acquired_at, created_at, updated_at, image_url, product_id, user_product_id) VALUES ('ccf2c648-d0bc-44df-824a-6019a6bb1d43', 'ab2881b3-1949-48a0-81b8-8918376705d9', '100ZZ', '1560288c-eef2-464d-aa50-63982019bbc5', NULL, NULL, 'Purchased', NULL, 1, NULL, 'USD', NULL, NULL, true, '2026-02-15 00:00:00+00', '2026-02-15 09:35:25.240444+00', '2026-02-15 11:49:23.104+00', 'http://127.0.0.1:54321/storage/v1/object/public/product_images/100zz.png', NULL, NULL) ON CONFLICT (id) DO NOTHING;
INSERT INTO public.inventory (id, user_id, name, brand_id, source_url, description, acquisition_type, reason, quantity, price, currency, category, custom_fields, is_public, acquired_at, created_at, updated_at, image_url, product_id, user_product_id) VALUES ('c6c8e075-238e-48ae-97c3-f9c5797444e7', 'ab2881b3-1949-48a0-81b8-8918376705d9', 'Storm Racer', '22186ca9-8edb-43d2-8bab-c2ea830a651b', NULL, NULL, 'Purchased', NULL, 1, NULL, 'USD', NULL, NULL, true, '2026-02-15 00:00:00+00', '2026-02-15 12:14:43.092571+00', '2026-02-15 12:14:43.092571+00', 'http://127.0.0.1:54321/storage/v1/object/public/product_images/storm-racer.png', NULL, NULL) ON CONFLICT (id) DO NOTHING;
INSERT INTO public.inventory (id, user_id, name, brand_id, source_url, description, acquisition_type, reason, quantity, price, currency, category, custom_fields, is_public, acquired_at, created_at, updated_at, image_url, product_id, user_product_id) VALUES ('604aa21f-79fb-438a-918f-3835fe06ae68', 'ab2881b3-1949-48a0-81b8-8918376705d9', 'Houdini', '22186ca9-8edb-43d2-8bab-c2ea830a651b', NULL, NULL, 'Purchased', NULL, 1, NULL, 'USD', NULL, NULL, true, '2026-02-15 00:00:00+00', '2026-02-15 12:14:59.534688+00', '2026-02-15 12:14:59.534688+00', 'http://127.0.0.1:54321/storage/v1/object/public/product_images/houdini.png', NULL, NULL) ON CONFLICT (id) DO NOTHING;
INSERT INTO public.inventory (id, user_id, name, brand_id, source_url, description, acquisition_type, reason, quantity, price, currency, category, custom_fields, is_public, acquired_at, created_at, updated_at, image_url, product_id, user_product_id) VALUES ('3557d38d-0390-44ff-bdd6-8422b6306939', 'ab2881b3-1949-48a0-81b8-8918376705d9', 'Mexico 66 All', '9d53f916-c17d-4e32-933b-0681434a85e9', NULL, NULL, 'Purchased', NULL, 1, NULL, 'USD', NULL, NULL, true, '2026-02-15 00:00:00+00', '2026-02-15 12:15:31.062061+00', '2026-02-15 12:15:31.062061+00', 'http://127.0.0.1:54321/storage/v1/object/public/product_images/mexico-66-all.png', NULL, NULL) ON CONFLICT (id) DO NOTHING;
INSERT INTO public.inventory (id, user_id, name, brand_id, source_url, description, acquisition_type, reason, quantity, price, currency, category, custom_fields, is_public, acquired_at, created_at, updated_at, image_url, product_id, user_product_id) VALUES ('343c32d7-7176-4577-b66c-6390a6534a7c', 'ab2881b3-1949-48a0-81b8-8918376705d9', 'Protectiveclean 4300', '8bd25457-f143-47c0-ad65-a8ceb1ac6d87', NULL, NULL, 'Purchased', NULL, 1, NULL, 'USD', NULL, NULL, true, '2026-02-15 00:00:00+00', '2026-02-15 12:15:45.158395+00', '2026-02-15 12:15:45.158395+00', 'http://127.0.0.1:54321/storage/v1/object/public/product_images/protectiveclean-4300.png', NULL, NULL) ON CONFLICT (id) DO NOTHING;
INSERT INTO public.inventory (id, user_id, name, brand_id, source_url, description, acquisition_type, reason, quantity, price, currency, category, custom_fields, is_public, acquired_at, created_at, updated_at, image_url, product_id, user_product_id) VALUES ('e305f7f8-7d1f-4c3a-816a-8abecc521908', 'ab2881b3-1949-48a0-81b8-8918376705d9', 'Accent 23l', 'e99abd3d-0f3f-4dc0-9af3-dda6848e24f9', NULL, NULL, 'Purchased', NULL, 1, NULL, 'USD', NULL, NULL, true, '2026-02-15 00:00:00+00', '2026-02-15 12:15:57.658618+00', '2026-02-15 12:15:57.658618+00', 'http://127.0.0.1:54321/storage/v1/object/public/product_images/accent-23l.png', NULL, NULL) ON CONFLICT (id) DO NOTHING;
INSERT INTO public.inventory (id, user_id, name, brand_id, source_url, description, acquisition_type, reason, quantity, price, currency, category, custom_fields, is_public, acquired_at, created_at, updated_at, image_url, product_id, user_product_id) VALUES ('dc6765b3-9edf-42e1-b34d-95e6638aeef6', 'ab2881b3-1949-48a0-81b8-8918376705d9', 'Kindle Paperwhite 6th Gen', 'f25bc144-ab03-41b0-92a5-ab2f55fc4ff8', NULL, NULL, 'Purchased', NULL, 1, NULL, 'USD', NULL, NULL, true, '2026-02-15 00:00:00+00', '2026-02-15 12:16:04.801894+00', '2026-02-15 12:16:04.801894+00', 'http://127.0.0.1:54321/storage/v1/object/public/product_images/kindle-paperwhite-6th-gen.png', NULL, NULL) ON CONFLICT (id) DO NOTHING;
INSERT INTO public.inventory (id, user_id, name, brand_id, source_url, description, acquisition_type, reason, quantity, price, currency, category, custom_fields, is_public, acquired_at, created_at, updated_at, image_url, product_id, user_product_id) VALUES ('338bb7fe-b68e-4eeb-917e-5cccf6484088', 'ab2881b3-1949-48a0-81b8-8918376705d9', 'Aeron', '8a218210-0d7c-4ff8-a81a-0d80ecaa2454', NULL, NULL, 'Purchased', NULL, 1, NULL, 'USD', NULL, NULL, true, '2026-02-15 00:00:00+00', '2026-02-15 12:16:10.474624+00', '2026-02-15 12:16:10.474624+00', 'http://127.0.0.1:54321/storage/v1/object/public/product_images/aeron.png', NULL, NULL) ON CONFLICT (id) DO NOTHING;
INSERT INTO public.inventory (id, user_id, name, brand_id, source_url, description, acquisition_type, reason, quantity, price, currency, category, custom_fields, is_public, acquired_at, created_at, updated_at, image_url, product_id, user_product_id) VALUES ('150241a0-1ea6-4e2c-a672-971347fa55c6', 'ab2881b3-1949-48a0-81b8-8918376705d9', 'X100f', 'c30f4c08-724c-4413-bc67-8c63d1e1cad7', NULL, NULL, 'Purchased', NULL, 1, NULL, 'USD', NULL, NULL, true, '2026-02-15 00:00:00+00', '2026-02-15 12:16:16.122578+00', '2026-02-15 12:16:16.122578+00', 'http://127.0.0.1:54321/storage/v1/object/public/product_images/x100f.png', NULL, NULL) ON CONFLICT (id) DO NOTHING;
INSERT INTO public.inventory (id, user_id, name, brand_id, source_url, description, acquisition_type, reason, quantity, price, currency, category, custom_fields, is_public, acquired_at, created_at, updated_at, image_url, product_id, user_product_id) VALUES ('3232b7e1-8696-4264-aea1-97b28098ca9c', 'ab2881b3-1949-48a0-81b8-8918376705d9', 'Shadow Spirit Cherry', 'e55d47b0-eb7b-4941-9d26-559c08ce8f25', NULL, NULL, 'Purchased', NULL, 1, NULL, 'USD', NULL, NULL, true, '2026-02-15 00:00:00+00', '2026-02-15 12:16:23.123951+00', '2026-02-15 12:16:23.123951+00', 'http://127.0.0.1:54321/storage/v1/object/public/product_images/shadow-spirit-cherry.png', NULL, NULL) ON CONFLICT (id) DO NOTHING;
INSERT INTO public.inventory (id, user_id, name, brand_id, source_url, description, acquisition_type, reason, quantity, price, currency, category, custom_fields, is_public, acquired_at, created_at, updated_at, image_url, product_id, user_product_id) VALUES ('c9535c91-9bea-43e5-a1b9-5d3b2b66925f', 'ab2881b3-1949-48a0-81b8-8918376705d9', 'Card Sleeve Second Edition Hazelnut', '12c58bc9-4c40-4e8f-a315-f0b9339e259b', NULL, NULL, 'Purchased', NULL, 1, NULL, 'USD', NULL, NULL, true, '2026-02-15 00:00:00+00', '2026-02-15 12:16:31.464277+00', '2026-02-15 12:16:31.464277+00', 'http://127.0.0.1:54321/storage/v1/object/public/product_images/card-sleeve-second-edition-hazelnut.png', NULL, NULL) ON CONFLICT (id) DO NOTHING;
INSERT INTO public.inventory (id, user_id, name, brand_id, source_url, description, acquisition_type, reason, quantity, price, currency, category, custom_fields, is_public, acquired_at, created_at, updated_at, image_url, product_id, user_product_id) VALUES ('07fe0b0c-1399-48bd-b1b3-2070e68e5232', 'ab2881b3-1949-48a0-81b8-8918376705d9', 'Watch Ultra 2 Natural Titanium', '0d4cd2b6-1ccc-4b2f-8375-25aa1c40e408', NULL, NULL, 'Purchased', NULL, 1, NULL, 'USD', NULL, NULL, true, '2026-02-15 00:00:00+00', '2026-02-15 12:16:39.577011+00', '2026-02-15 12:16:39.577011+00', 'http://127.0.0.1:54321/storage/v1/object/public/product_images/watch-ultra-2-natural-titanium.png', NULL, NULL) ON CONFLICT (id) DO NOTHING;
INSERT INTO public.inventory (id, user_id, name, brand_id, source_url, description, acquisition_type, reason, quantity, price, currency, category, custom_fields, is_public, acquired_at, created_at, updated_at, image_url, product_id, user_product_id) VALUES ('39e49b68-57bd-4f71-8b66-32b1cf1b7823', 'ab2881b3-1949-48a0-81b8-8918376705d9', 'Vacuum Carry Tumbler Sx-ka30-hm (forest ) 300ml', '8790872c-3b58-4500-8d3b-73f091852ff2', NULL, NULL, 'Purchased', NULL, 1, NULL, 'USD', NULL, NULL, true, '2026-02-15 00:00:00+00', '2026-02-15 12:16:49.094571+00', '2026-02-15 12:16:49.094571+00', 'http://127.0.0.1:54321/storage/v1/object/public/product_images/vacuum-carry-tumbler-sx-ka30-hm-forest-300ml.png', NULL, NULL) ON CONFLICT (id) DO NOTHING;
INSERT INTO public.inventory (id, user_id, name, brand_id, source_url, description, acquisition_type, reason, quantity, price, currency, category, custom_fields, is_public, acquired_at, created_at, updated_at, image_url, product_id, user_product_id) VALUES ('b227ae0c-82de-45ad-8216-f9b746a52c0c', 'ab2881b3-1949-48a0-81b8-8918376705d9', '100w Universal Adapter Gan', '1b2b2803-1470-4f71-a992-617a507d4fa6', NULL, NULL, 'Purchased', NULL, 1, NULL, 'USD', NULL, NULL, true, '2026-02-15 00:00:00+00', '2026-02-15 12:16:54.795397+00', '2026-02-15 12:16:54.795397+00', 'http://127.0.0.1:54321/storage/v1/object/public/product_images/100w-universal-adapter-gan.png', NULL, NULL) ON CONFLICT (id) DO NOTHING;
INSERT INTO public.inventory (id, user_id, name, brand_id, source_url, description, acquisition_type, reason, quantity, price, currency, category, custom_fields, is_public, acquired_at, created_at, updated_at, image_url, product_id, user_product_id) VALUES ('e7cefb7d-f1cb-4ad1-a9cc-afc89d9df47c', 'ab2881b3-1949-48a0-81b8-8918376705d9', 'Incharge Xl 6in1 Travel Cable', 'f36f54c0-f4ca-4eb8-9f29-06b1f34ef621', NULL, NULL, 'Purchased', NULL, 1, NULL, 'USD', NULL, NULL, true, '2026-02-15 00:00:00+00', '2026-02-15 12:17:07.756438+00', '2026-02-15 12:17:07.756438+00', 'http://127.0.0.1:54321/storage/v1/object/public/product_images/incharge-xl-6in1-travel-cable.png', NULL, NULL) ON CONFLICT (id) DO NOTHING;
INSERT INTO public.inventory (id, user_id, name, brand_id, source_url, description, acquisition_type, reason, quantity, price, currency, category, custom_fields, is_public, acquired_at, created_at, updated_at, image_url, product_id, user_product_id) VALUES ('cf552862-6e3a-46e3-93c4-e7c58d76e066', 'ab2881b3-1949-48a0-81b8-8918376705d9', 'Camera Leash Tokyo Edition', '7317d57e-b9d1-443a-a5e1-9e299ed57ee5', NULL, NULL, 'Purchased', NULL, 1, NULL, 'USD', NULL, NULL, true, '2026-02-15 00:00:00+00', '2026-02-15 12:17:12.426485+00', '2026-02-15 12:17:12.426485+00', 'http://127.0.0.1:54321/storage/v1/object/public/product_images/camera-leash-tokyo-edition.png', NULL, NULL) ON CONFLICT (id) DO NOTHING;
INSERT INTO public.inventory (id, user_id, name, brand_id, source_url, description, acquisition_type, reason, quantity, price, currency, category, custom_fields, is_public, acquired_at, created_at, updated_at, image_url, product_id, user_product_id) VALUES ('8e64ca21-10a6-4512-bb9f-9b323cd0de80', 'ab2881b3-1949-48a0-81b8-8918376705d9', 'Small Wash Pouch', '7317d57e-b9d1-443a-a5e1-9e299ed57ee5', NULL, NULL, 'Purchased', NULL, 1, NULL, 'USD', NULL, NULL, true, '2026-02-15 00:00:00+00', '2026-02-15 12:27:03.546952+00', '2026-02-15 12:27:03.546952+00', 'http://127.0.0.1:54321/storage/v1/object/public/product_images/small-wash-pouch.png', NULL, NULL) ON CONFLICT (id) DO NOTHING;
INSERT INTO public.inventory (id, user_id, name, brand_id, source_url, description, acquisition_type, reason, quantity, price, currency, category, custom_fields, is_public, acquired_at, created_at, updated_at, image_url, product_id, user_product_id) VALUES ('fe858c51-c5bf-4db6-816f-472fd741ac71', 'ab2881b3-1949-48a0-81b8-8918376705d9', 'Tech Pouch', '7317d57e-b9d1-443a-a5e1-9e299ed57ee5', NULL, NULL, 'Purchased', NULL, 1, NULL, 'USD', NULL, NULL, true, '2026-02-15 00:00:00+00', '2026-02-15 12:27:08.534113+00', '2026-02-15 12:27:08.534113+00', 'http://127.0.0.1:54321/storage/v1/object/public/product_images/tech-pouch.png', NULL, NULL) ON CONFLICT (id) DO NOTHING;
